{
    "Timestamp":{
       "0":1687860524027387400,
       "1":1687860524076139200,
       "2":1687860524141355300,
       "3":1687860524174390600,
       "4":1687860524224775100
    },
    "Motion_WorldPositionZ":{
       "0":197.4130706787,
       "1":193.5538482666,
       "2":188.3802185059,
       "3":185.7547302246,
       "4":181.7446289062
    },
    "Motion_WorldPositionY":{
       "0":91.1316833496,
       "1":91.1334228516,
       "2":91.1384658813,
       "3":91.1406478882,
       "4":91.1425552368
    },
    "Motion_WorldPositionX":{
       "0":-396.2910766602,
       "1":-396.1572875977,
       "2":-395.9761962891,
       "3":-395.8835449219,
       "4":-395.7419433594
    },
    "Speed":{
       "0":220,
       "1":285,
       "2":286,
       "3":286,
       "4":225
    },
    "Gear":{
       "0":6,
       "1":7,
       "2":7,
       "3":7,
       "4":6
    },
    "EngineRPM":{
       "0":12024,
       "1":11453,
       "2":11481,
       "3":11494,
       "4":11914
    },
    "Player_NewLap":{
       "0":null,
       "1":null,
       "2":"Lap 4 started",
       "3":null,
       "4":null
    }
 }